{"version": "1", "message": "ERROR: Hidden Testcases server unreachable.", "problem_id": "cspp1_m10_a1_1", "user_id": "saiprasadreddy96", "score": {"sample": {"0": {"execution_time": 0.0690317153930664, "passed": true}, "1": {"execution_time": 0.06251168251037598, "passed": true}, "2": {"execution_time": 0.0531158447265625, "passed": true}, "3": {"execution_time": 0.046875715255737305, "passed": false}, "4": {"execution_time": 0.06900525093078613, "passed": true}, "5": {"execution_time": 0.05339765548706055, "passed": false}, "6": {"execution_time": 0.04687094688415527, "passed": true}, "7": {"execution_time": 0.06900882720947266, "passed": false}, "8": {"execution_time": 0.06249642372131348, "passed": false}, "9": {"execution_time": 0.05339527130126953, "passed": false}, "10": {"execution_time": 0.053377628326416016, "passed": true}, "11": {"execution_time": 0.0625009536743164, "passed": true}, "12": {"execution_time": 0.0533902645111084, "passed": false}, "13": {"execution_time": 0.06249594688415527, "passed": false}, "14": {"execution_time": 0.06900763511657715, "passed": false}, "15": {"execution_time": 0.053380489349365234, "passed": false}, "16": {"execution_time": 0.06250405311584473, "passed": false}, "17": {"execution_time": 0.06901025772094727, "passed": true}, "18": {"execution_time": 0.04687094688415527, "passed": false}, "19": {"execution_time": 0.06900453567504883, "passed": false}, "20": {"execution_time": 0.06902742385864258, "passed": true}, "21": {"execution_time": 0.04687356948852539, "passed": false}, "22": {"execution_time": 0.05340290069580078, "passed": false}, "23": {"execution_time": 0.06247377395629883, "passed": false}, "24": {"execution_time": 0.053383827209472656, "passed": false}}}, "pylint_score": "0/0"}