{"version": "1", "message": "ERROR: Hidden Testcases server unreachable.", "problem_id": "cspp1_m10_a1_1", "user_id": "saiprasadreddy96", "score": {"sample": {"0": {"execution_time": 0.4218451976776123, "passed": false}, "1": {"execution_time": 0.06249260902404785, "passed": false}, "2": {"execution_time": 0.0625150203704834, "passed": false}, "3": {"execution_time": 0.0625007152557373, "passed": false}, "4": {"execution_time": 0.06251239776611328, "passed": false}, "5": {"execution_time": 0.062499284744262695, "passed": false}, "6": {"execution_time": 0.04687142372131348, "passed": false}, "7": {"execution_time": 0.046874284744262695, "passed": false}, "8": {"execution_time": 0.04686903953552246, "passed": false}, "9": {"execution_time": 0.06249523162841797, "passed": false}, "10": {"execution_time": 0.062499046325683594, "passed": false}, "11": {"execution_time": 0.06250119209289551, "passed": false}, "12": {"execution_time": 0.046875715255737305, "passed": false}, "13": {"execution_time": 0.06247901916503906, "passed": false}, "14": {"execution_time": 0.0625145435333252, "passed": false}, "15": {"execution_time": 0.06247973442077637, "passed": false}, "16": {"execution_time": 0.04686737060546875, "passed": false}, "17": {"execution_time": 0.06248950958251953, "passed": false}, "18": {"execution_time": 0.0468747615814209, "passed": false}, "19": {"execution_time": 0.06249403953552246, "passed": false}, "20": {"execution_time": 0.06249403953552246, "passed": false}, "21": {"execution_time": 0.06249547004699707, "passed": false}, "22": {"execution_time": 0.06249570846557617, "passed": false}, "23": {"execution_time": 0.06249570846557617, "passed": false}, "24": {"execution_time": 0.06247234344482422, "passed": false}}}, "pylint_score": "5/10"}