{"version": "1", "message": "ERROR: Hidden Testcases server unreachable.", "problem_id": "cspp1_m10_a1_1", "user_id": "saiprasadreddy96", "score": {"sample": {"0": {"execution_time": 0.09367132186889648, "passed": false}, "1": {"execution_time": 0.04689145088195801, "passed": true}, "2": {"execution_time": 0.046868085861206055, "passed": true}, "3": {"execution_time": 0.06249547004699707, "passed": true}, "4": {"execution_time": 0.04687809944152832, "passed": true}, "5": {"execution_time": 0.06250476837158203, "passed": false}, "6": {"execution_time": 0.04685711860656738, "passed": true}, "7": {"execution_time": 0.062494754791259766, "passed": true}, "8": {"execution_time": 0.06249856948852539, "passed": true}, "9": {"execution_time": 0.06251287460327148, "passed": false}, "10": {"execution_time": 0.06249642372131348, "passed": true}, "11": {"execution_time": 0.06249570846557617, "passed": true}, "12": {"execution_time": 0.07809925079345703, "passed": true}, "13": {"execution_time": 0.06249499320983887, "passed": false}, "14": {"execution_time": 0.06250357627868652, "passed": false}, "15": {"execution_time": 0.06248927116394043, "passed": false}, "16": {"execution_time": 0.06249523162841797, "passed": false}, "17": {"execution_time": 0.046871185302734375, "passed": false}, "18": {"execution_time": 0.06249570846557617, "passed": false}, "19": {"execution_time": 0.06249570846557617, "passed": false}, "20": {"execution_time": 0.06249666213989258, "passed": false}, "21": {"execution_time": 0.062494754791259766, "passed": false}, "22": {"execution_time": 0.06249666213989258, "passed": false}, "23": {"execution_time": 0.06249403953552246, "passed": false}, "24": {"execution_time": 0.046892404556274414, "passed": false}}}, "pylint_score": "6/10"}